atractid,parkid,atract_nombre,atract_descripcion,atract_url
0,0,VIAJE DE UN,Commodi quis explicabo magni quae eveniet. Dolore consequatur necessitatibus optio eos nostrum. Error ex dolorum architecto dolores numquam.,http://lorempixel.com/265/295/nature/
1,0,LA ALBINAS TEJA,Voluptate facere harum. Eius eius voluptates praesentium. Possimus reiciendis omnis quos.,http://lorempixel.com/310/313/nature/
2,0,A RONDA ALGAIDA,Repellendus nostrum eaque deserunt neque debitis. Cum praesentium delectus repudiandae officia. Dolore exercitationem sit nihil error.,http://lorempixel.com/301/286/nature/
3,0,DE FUENTE RAMOS,Illo natus hic autem accusamus. Amet consequatur fuga sequi reiciendis aliquam. Eveniet animi veritatis blanditiis voluptas eius optio.,http://lorempixel.com/287/343/nature/
4,0,PUERTA DE CHICLANA,Suscipit ex sunt tempora.,http://lorempixel.com/331/377/nature/
5,1,RURALES FUENTES DE,Omnis eius quam perspiciatis ad. Dolore excepturi fugit soluta. Officiis eius vel quod dolorem itaque suscipit. Sequi corrupti nemo suscipit quae consequatur minus.,http://lorempixel.com/394/313/nature/
6,1,FRONTERIZO FUENTE RAMOS,Omnis quidem dolorum. Iure sequi corrupti nemo.,http://lorempixel.com/251/211/nature/
7,1,DE CORDERO TAJO,Ducimus et possimus ipsum sunt. Hic pariatur ullam corrupti dolores. Iste praesentium perspiciatis labore. Eligendi saepe blanditiis sint repellat a.,http://lorempixel.com/353/324/nature/
8,1,ARILLO - VERDE,Doloribus omnis cupiditate. Quisquam ex doloribus vitae aperiam natus animi.,http://lorempixel.com/320/319/nature/
9,1,EL BOLONIA-PULIDO TREN,Aperiam perspiciatis qui ut nesciunt. Dicta placeat voluptatum quo repellendus quos unde. Laborum nihil blanditiis incidunt unde.,http://lorempixel.com/206/376/nature/
10,3,LA DE CAMINO,Magni nihil nostrum qui. Vel magnam quis corrupti. Voluptatem cupiditate nihil perspiciatis doloribus.,http://lorempixel.com/253/260/nature/
11,3,FRONTERA ESPARRAGAL VERDE,Illo molestias dolore nostrum aut iusto ea et. Ut nostrum facere eveniet eos.,http://lorempixel.com/300/279/nature/
12,3,LA FUENTES MENACHA,Ipsam laudantium vitae ab eum laboriosam aspernatur.,http://lorempixel.com/380/265/nature/
13,3,LAS GETARES DE,Unde assumenda nisi eligendi autem dolores modi. Quasi labore nesciunt assumenda.,http://lorempixel.com/253/384/nature/
14,3,ROCHE HONDO RÍO,Repellendus laudantium deserunt quibusdam. Ratione maiores ipsam. Consectetur voluptatibus alias molestias perspiciatis.,http://lorempixel.com/294/305/nature/
15,4,DE EL CAMINOS,Saepe nisi commodi odio quisquam reiciendis deserunt.,http://lorempixel.com/245/388/nature/
16,4,RETÍN DEL LA,Id perferendis vel autem iste rerum. Aliquam quis nobis exercitationem dolore et labore.,http://lorempixel.com/376/273/nature/
17,4,OJO DEL VICOS,Nihil ut similique magni.,http://lorempixel.com/328/308/nature/
18,4,EL CARRASCÓN SALTADERO,Vel optio error eligendi. Nemo mollitia dolores totam iusto. Quis debitis libero.,http://lorempixel.com/223/336/nature/
19,4,LA LA FRONTERA,Alias beatae adipisci corrupti deleniti doloribus sunt. Illum doloribus nihil atque aliquid pariatur.,http://lorempixel.com/225/280/nature/
20,5,DEL DE ARROYO,Similique harum dolores adipisci ut. Fugiat maiores voluptate maiores. Impedit labore voluptatem deserunt quos unde. Mollitia eligendi reprehenderit fugiat laborum.,http://lorempixel.com/239/361/nature/
21,5,DE FRONTERA-CANTARRANAS PEDRIZA,Unde ullam necessitatibus ducimus facilis distinctio quos. Maiores aspernatur deleniti ratione debitis nesciunt cumque quisquam. Nam aliquid ducimus praesentium sequi.,http://lorempixel.com/331/314/nature/
22,5,CARBONEROS GUADALMESÍ SALINA,Quae cupiditate sunt ducimus velit ex. Aut accusantium totam ipsam aliquid quam vero cumque. Pariatur quos maiores odit.,http://lorempixel.com/299/234/nature/
23,5,DE ESPERA CALAS,Totam eum soluta molestias adipisci sapiente delectus laudantium.,http://lorempixel.com/276/388/nature/
24,5,LOS PALMONES DEL,Debitis adipisci quos quas. Quibusdam ad eaque deleniti consequatur. Unde fugit corrupti ipsum ducimus molestiae voluptate.,http://lorempixel.com/299/372/nature/
25,6,ALBARRACINEJO CERRO DE,Ducimus reprehenderit culpa accusantium occaecati explicabo veritatis. Cumque accusantium qui nostrum eum vel error.,http://lorempixel.com/226/382/nature/
26,6,MECA DE CABO,Cupiditate in dicta illo. Voluptatibus quisquam illo autem voluptatibus.,http://lorempixel.com/313/388/nature/
27,6,ANTÓN DE SAN,Ab facere id. Nostrum dolore eligendi. Magni asperiores nulla dolorem rem.,http://lorempixel.com/345/312/nature/
28,6,- DEL -,Aliquid repellendus veniam corporis. Fugiat esse eum fugiat illum.,http://lorempixel.com/225/297/nature/
29,6,DE DEL CERRO,Dicta non earum quasi assumenda omnis. Delectus voluptatem eaque nostrum inventore.,http://lorempixel.com/301/250/nature/
30,7,DE LAS JUDÍO,Repellat iusto pariatur doloremque quo.,http://lorempixel.com/242/252/nature/
31,7,MONTERA DEL LA,Pariatur at laudantium ullam. Ratione culpa porro soluta voluptatum.,http://lorempixel.com/343/379/nature/
32,7,RUTA DE BANDOLEROS,Iure officia sapiente porro occaecati suscipit reiciendis.,http://lorempixel.com/225/349/nature/
33,7,UBRIQUE LA CRUZ,Explicabo ducimus vitae unde fugiat necessitatibus. Explicabo rem soluta odit harum.,http://lorempixel.com/226/353/nature/
34,7,LAS TEJÓN CANTERAS,In impedit debitis repellendus vitae fugiat laborum quos. Alias saepe delectus similique. Cum rerum fuga consequuntur consequuntur.,http://lorempixel.com/212/362/nature/
35,8,PUERTA DEL VERDE,Hic inventore officiis explicabo deleniti at. Sequi molestiae accusantium sapiente reiciendis soluta fuga.,http://lorempixel.com/293/265/nature/
36,8,UBRIQUE DE ASOMADILLA,Voluptatum quidem at doloribus sed laudantium hic culpa. Incidunt cupiditate eaque quo dolor cupiditate quas.,http://lorempixel.com/338/217/nature/
37,8,SALTILLO ROCHE EL,Harum deserunt voluptatibus at praesentium. Doloribus officia repellat repudiandae at numquam et. At aliquid ullam atque neque voluptatem cumque.,http://lorempixel.com/256/314/nature/
38,8,Y SANTO EL,Magni deleniti temporibus explicabo adipisci laboriosam eos. Reiciendis maiores magni vitae ex iste.,http://lorempixel.com/294/324/nature/
39,8,DEL COLADA BOSQUE-CAMINO,Doloribus optio consectetur et alias. Sed ea commodi dolor. Corrupti doloremque assumenda cum fugiat assumenda illo atque.,http://lorempixel.com/305/200/nature/
40,10,PRESA DE BOGAS,Cumque quia qui explicabo veniam deleniti veniam minima. Corporis cupiditate ab voluptatum. Illo nisi voluptatibus tenetur illum vero recusandae.,http://lorempixel.com/327/307/nature/
41,10,LOS CAMINO DE,Tenetur magnam nam dolores laboriosam. Distinctio aliquam iste fuga neque aspernatur. Eum error harum sapiente amet.,http://lorempixel.com/349/397/nature/
42,10,DEL JEREZ LA,Excepturi aperiam dicta reiciendis tenetur. Omnis debitis ducimus dolores eaque dignissimos. Voluptatem deserunt consequuntur deleniti ipsa harum.,http://lorempixel.com/337/264/nature/
43,10,GUADALETE DEL CAMARINAL,Quo officiis rem neque. Animi ad sapiente nesciunt.,http://lorempixel.com/322/257/nature/
44,10,LAS DESCANSADERO DEL,Aspernatur saepe asperiores impedit aspernatur nostrum odit. Vel sit laudantium ea nesciunt. Fugiat mollitia delectus deleniti ut optio necessitatibus delectus.,http://lorempixel.com/389/206/nature/
45,11,PLAZA LA ALGECIRAS,Tenetur voluptatibus hic natus fugiat.,http://lorempixel.com/246/303/nature/
46,11,DEL GUADIARO ESTUARIO,Tenetur aspernatur occaecati repellendus necessitatibus. Animi fuga nihil nesciunt itaque quidem iusto.,http://lorempixel.com/245/211/nature/
47,11,GARGANTA PUERTO OSCURO,Ullam enim libero porro voluptatem. Eaque aut deleniti accusamus necessitatibus laboriosam sunt.,http://lorempixel.com/258/277/nature/
48,11,DEL RAYO -,Quam repellat esse est eum rerum eveniet. Fuga libero fugit ipsam nam. Odit officiis modi nostrum nihil.,http://lorempixel.com/249/239/nature/
49,11,DE CAMINOS LOMAS,Nulla nam repellendus in. Similique consequatur atque illum. Quidem nulla totam impedit.,http://lorempixel.com/271/242/nature/
50,12,EMBALSE DE BORNOS,Neque qui laboriosam voluptas deserunt minima sunt iure. Dolorum iste mollitia minus.,http://lorempixel.com/272/236/nature/
51,12,BORNOS DEL DE,Inventore dolorem illo dolorem sunt id molestias. Suscipit dignissimos tempore.,http://lorempixel.com/381/202/nature/
52,12,LA DE MEDINA,Culpa incidunt ducimus quidem temporibus. Modi soluta earum blanditiis eaque accusamus.,http://lorempixel.com/327/249/nature/
53,12,PRESA DEL GUADALMESÍ,Perferendis suscipit similique odio. Nobis vitae quod tenetur.,http://lorempixel.com/349/202/nature/
54,12,BACINETE ARROYOMOLINOS DEL,Et cum nam dolorem maiores totam. Quisquam mollitia repudiandae inventore ipsam ipsum nesciunt commodi. Harum iste deleniti ea.,http://lorempixel.com/317/307/nature/
55,13,AL COVEZUELAS-CHARCA CERRO,Officiis itaque earum iusto hic. Incidunt voluptatibus corporis pariatur repudiandae. Esse sint fugiat totam officiis suscipit.,http://lorempixel.com/252/367/nature/
56,13,BENAJIMA DE ROCINEJO,Voluptatum velit tenetur tenetur doloremque ex culpa. Inventore velit modi voluptas repellendus.,http://lorempixel.com/399/207/nature/
57,13,DE COMPLEJO DE,Molestias alias praesentium dicta.,http://lorempixel.com/240/211/nature/
58,13,ROQUE PLAYA DE,Nulla minima assumenda fugit. Asperiores veniam eos aliquid perspiciatis beatae. Quasi amet maiores reprehenderit ut.,http://lorempixel.com/378/235/nature/
59,13,CONIL LA ATALAYA,Libero omnis delectus a impedit libero. Consectetur veritatis dolore alias facilis ea.,http://lorempixel.com/369/232/nature/
60,15,TIEMPO PUERTO UN,Error et illo sint voluptate vero. Id necessitatibus nobis placeat harum assumenda. Architecto deleniti placeat possimus impedit nulla ipsam.,http://lorempixel.com/229/380/nature/
61,15,BATANES RETÍN Y,Vero porro explicabo soluta a molestias libero. Voluptatibus officia illum perspiciatis.,http://lorempixel.com/218/204/nature/
62,15,SUBIDA AL PICO,Quis omnis quo aliquid laborum. Quos velit voluptatum aperiam cumque. Enim inventore aliquam sequi sed.,http://lorempixel.com/343/316/nature/
63,15,DEL DE RAYO,Ducimus ipsam accusamus saepe accusantium corporis molestiae aut. Reiciendis nemo ex repudiandae. Dolore quis nobis.,http://lorempixel.com/363/214/nature/
64,15,BENALUP-FACINAS VERDE BORNOS,Accusantium in voluptatibus perferendis dolores. Minima ratione sapiente sequi fuga maxime soluta.,http://lorempixel.com/274/228/nature/
65,16,DEL VERDE PARQUE,Vitae ullam numquam nemo minima voluptatem numquam. Quidem eveniet dicta eligendi magni dignissimos vitae. Nulla deleniti tempora ipsum cum nam voluptatibus.,http://lorempixel.com/234/380/nature/
66,16,LA TEJA DE,Mollitia sint laborum assumenda sequi vel assumenda quod.,http://lorempixel.com/350/361/nature/
67,16,DE LA CONIL,Tempore possimus quae quo sit. Libero maiores cupiditate aspernatur in dolore quibusdam.,http://lorempixel.com/385/289/nature/
68,16,DEL RURALES PALMONES,Similique pariatur vero. Optio dolore amet debitis.,http://lorempixel.com/231/354/nature/
69,16,A EL SANTOS,Ratione adipisci perspiciatis.,http://lorempixel.com/332/302/nature/
70,17,PLATERAS FUENTES LAS,Doloremque blanditiis deserunt iure perferendis quia aut doloribus.,http://lorempixel.com/393/268/nature/
71,17,DE ROCHE DE,Officia ex explicabo alias dolor veritatis. Necessitatibus consequuntur delectus ut adipisci saepe.,http://lorempixel.com/302/202/nature/
72,17,DEL CABRERO ALTO,Atque nobis sunt animi fugiat natus voluptate. Atque deserunt perspiciatis a. Voluptatum inventore ut iusto.,http://lorempixel.com/396/304/nature/
73,17,FIGURAS DE TAJO,Nesciunt molestias voluptate vero minus quo alias.,http://lorempixel.com/392/339/nature/
74,17,OSCURO PUERTO HONDÓN,Cum dolor expedita reiciendis molestias.,http://lorempixel.com/342/320/nature/
75,18,DE CÁDIZ ZAFRAMAGÓN,Corrupti illo reprehenderit optio. Consectetur eligendi rem repellendus inventore dolorum. Nemo non blanditiis a. Iusto quaerat nostrum itaque rerum reprehenderit consequuntur.,http://lorempixel.com/396/288/nature/
76,18,DE CERRO GARCIAGO,Numquam similique vel voluptatum. Beatae ipsum pariatur nemo doloribus sapiente vitae recusandae.,http://lorempixel.com/368/287/nature/
77,18,MECA DE LA,Pariatur commodi ad aliquid fuga. Nobis earum dolore debitis quibusdam reprehenderit. Repellendus officiis nobis atque non. Dicta dolores accusantium minus ab similique.,http://lorempixel.com/366/227/nature/
78,18,DE BARBATE TESORILLO,In doloribus deserunt. Deleniti unde vero nemo molestias deleniti. Ab numquam adipisci eaque eos placeat vitae.,http://lorempixel.com/390/380/nature/
79,18,DE JIMENA DE,Saepe pariatur facilis ullam minima.,http://lorempixel.com/326/266/nature/
80,20,DE CHARCONES ARROYO,Eligendi itaque consectetur alias reprehenderit harum inventore illo. Placeat tenetur vitae suscipit magnam.,http://lorempixel.com/293/327/nature/
81,20,PINOS ALGAIDA LOS,Perspiciatis illo error officiis doloremque quia minus molestiae. Asperiores possimus vitae assumenda pariatur reprehenderit.,http://lorempixel.com/381/352/nature/
82,20,CARRASCÓN CHAVARRIA EL,Consequatur adipisci excepturi quia expedita ullam perferendis. Aperiam libero vero nisi odit odio nostrum.,http://lorempixel.com/283/277/nature/
83,20,LADERA GUADALMESÍ RÍO,Quia temporibus ex nobis nam. Culpa totam delectus perspiciatis.,http://lorempixel.com/204/203/nature/
84,20,CAÑADAS EL DE,Vitae qui suscipit. Mollitia magni tempora repudiandae nulla consequatur. Similique exercitationem esse.,http://lorempixel.com/204/233/nature/
85,21,PUERTO DE GARGANTA,Eos veniam nisi excepturi amet at distinctio natus.,http://lorempixel.com/206/313/nature/
86,21,MONTE ALGAIDA AL,Nam ullam quam laborum fugit. Aliquam error sapiente.,http://lorempixel.com/399/357/nature/
87,21,DE ARCOS DEL,Rem velit inventore ad voluptates. Aperiam velit neque odit dolorem magnam sapiente.,http://lorempixel.com/340/274/nature/
88,21,DE AL BARBATE-ERMITA,Consectetur sequi corrupti aperiam esse ullam alias. Animi itaque id et voluptates sed laboriosam ab. Hic nam tempora dolor ipsum facere.,http://lorempixel.com/346/284/nature/
89,21,FATES SIERRA VERDE,Minima nesciunt incidunt dolorem. Quod quasi deleniti ipsa repellat. Voluptatem illo sequi nesciunt expedita.,http://lorempixel.com/364/302/nature/
90,22,DE ACANTILADO LÍBAR,Incidunt quibusdam sequi quaerat. Blanditiis soluta consequatur doloribus exercitationem corporis atque. Aperiam molestias aspernatur nemo ratione consectetur. Corporis repellat exercitationem repellat officia.,http://lorempixel.com/315/391/nature/
91,22,LLANOS DEL BERRAL,Nobis perferendis non ea praesentium. Sint aperiam deleniti eum totam doloremque. Perferendis earum a.,http://lorempixel.com/292/396/nature/
92,22,LA DE DE,Repudiandae nemo ipsum vel suscipit omnis corporis voluptas. Eligendi sed pariatur repellendus laborum laboriosam error.,http://lorempixel.com/270/224/nature/
93,22,DEL DE FERNANDO,Fuga placeat culpa et voluptate earum. Animi numquam tempora veniam et est ut.,http://lorempixel.com/250/328/nature/
94,22,Y TAJILLO ALBINA,Maiores numquam suscipit recusandae. Sit id nam rem.,http://lorempixel.com/301/317/nature/
95,23,RÍO MIEL DE,Tempora officiis illum quae. Corporis dolore repellendus est quia eaque repudiandae. Dicta natus quis enim consequatur iure molestiae.,http://lorempixel.com/355/221/nature/
96,23,LECHE DE LOS,Totam quod ullam eveniet.,http://lorempixel.com/296/356/nature/
97,23,DE DEL BOYAR,Similique suscipit eos odio.,http://lorempixel.com/211/364/nature/
98,23,RABEL LLANO SUARA,Consequatur ad ab deleniti quo voluptate laudantium. Omnis aut quidem dolor corporis similique. Delectus nam officiis quasi. Consequatur sed harum maiores.,http://lorempixel.com/272/224/nature/
99,23,MECA MOLINO CALLEJÓN,Provident non repudiandae. Dolorem accusantium minus aperiam veritatis cum. Sunt voluptates error veniam fuga.,http://lorempixel.com/272/373/nature/
100,24,LA ARROYO GARGANTA,Non eum illum nam illum quisquam tenetur.,http://lorempixel.com/385/374/nature/
101,24,DE PUERTA DE,Exercitationem incidunt debitis amet doloribus. Tempore necessitatibus dolorem consequuntur aliquid culpa. Officia molestias cupiditate quos tempora porro.,http://lorempixel.com/295/306/nature/
102,24,CABRERO RIO DEL,Exercitationem ratione explicabo enim fugit illum similique. Iure adipisci ratione aperiam cupiditate. Sapiente saepe accusantium eius minus. Repudiandae doloremque eligendi sequi cumque.,http://lorempixel.com/352/330/nature/
103,24,VEGA DE GUADIARO,Ea magni dicta maxime vitae iusto. Eligendi vero ipsam quod distinctio.,http://lorempixel.com/203/210/nature/
104,24,DE SIERRA LIJAR,Ab voluptatum repellendus saepe. Placeat praesentium inventore adipisci ipsum officiis deleniti. Voluptatem veniam illo nostrum blanditiis. Dolorum suscipit eveniet provident id libero repellendus.,http://lorempixel.com/330/391/nature/
105,25,MATAGORDA DEL HONDÓN,Cum optio necessitatibus.,http://lorempixel.com/375/217/nature/
106,25,ESPERANZA PESCADORES LOS,Neque sequi vero nisi saepe accusamus. Perspiciatis mollitia error repellendus perferendis quaerat.,http://lorempixel.com/332/325/nature/
107,25,VENTAS TRASHUMANTES SUARA,Quod reprehenderit voluptatum cumque delectus.,http://lorempixel.com/213/380/nature/
108,25,FRONTERIZO LOS TORUÑOS,Atque occaecati cum ipsum exercitationem numquam. Assumenda beatae molestiae. Et dolore consequuntur iste. Harum excepturi officiis excepturi neque veniam veritatis.,http://lorempixel.com/309/351/nature/
109,25,LA MONTECOCHE SALINA,Unde quibusdam ipsa quis eligendi. Odit ipsa vel quos.,http://lorempixel.com/200/276/nature/
110,26,PICACHO AURELIA AL,Necessitatibus praesentium minima qui.,http://lorempixel.com/237/397/nature/
111,26,DORNAJO DEL CASA,Animi cum temporibus libero repudiandae.,http://lorempixel.com/293/370/nature/
112,26,HONDÓN SERRANO AL,Culpa molestiae itaque dolores ut illum iusto. Quos ut incidunt molestias. Officia numquam possimus odit culpa ducimus.,http://lorempixel.com/366/333/nature/
113,26,DEL DEL VIAJERO,Nemo quaerat voluptatibus quae adipisci porro. Non animi iusto. Non inventore suscipit laborum mollitia doloremque animi.,http://lorempixel.com/393/345/nature/
114,26,LOS DE CASA,Ab et voluptate consequuntur rerum porro animi. Eligendi dolor repudiandae modi.,http://lorempixel.com/200/229/nature/
115,28,REAL CAÑADA DE,Error consequuntur velit tempore perferendis enim.,http://lorempixel.com/248/327/nature/
116,28,DE LA LOS,Deleniti molestiae culpa vitae iusto. Veritatis maiores dolorem vitae minus. Hic reprehenderit repellat. Voluptas deleniti minima sapiente nostrum alias veniam exercitationem.,http://lorempixel.com/230/364/nature/
117,28,DE CORDERO REAL,Vel reprehenderit numquam necessitatibus inventore. Porro assumenda saepe rem illo harum enim tempora.,http://lorempixel.com/314/375/nature/
118,28,MORITA TORRE DE,Temporibus tempora suscipit consectetur. A cupiditate excepturi nam. Adipisci esse suscipit accusamus molestias tempora.,http://lorempixel.com/309/352/nature/
119,28,DEL DE DEHESA,Quasi sint fugit eius officia consectetur maxime.,http://lorempixel.com/397/223/nature/
120,29,RURALES TORVISCALEJO-NACIMIENTO DE,Maiores natus non numquam. Quidem autem fugit placeat. Tempora ullam ad ex.,http://lorempixel.com/393/224/nature/
121,29,LOS TAVIZNA-EMBALSE DE,Eos veniam dolores vero sequi.,http://lorempixel.com/229/271/nature/
122,29,SALINA-FANGOS MAREALES JANDA,Eveniet recusandae recusandae ratione voluptate distinctio. Corporis laudantium minus voluptatibus saepe.,http://lorempixel.com/351/315/nature/
123,29,LA PAJARRACO PLAZA,Nisi nesciunt natus eos ipsa. Labore pariatur blanditiis odit culpa.,http://lorempixel.com/214/362/nature/
124,29,SAN AMBROSIO DE,Quae illo aut quam quas placeat exercitationem. Esse consectetur aliquam porro totam nemo. Ab maiores ipsam blanditiis.,http://lorempixel.com/393/257/nature/
125,30,LOS CAMINO DE,Mollitia est corrupti doloribus voluptates molestias atque quos. Aspernatur hic beatae quasi assumenda magnam distinctio. Cumque enim reiciendis corrupti eligendi quod tempora.,http://lorempixel.com/298/207/nature/
126,30,GANADERAS CANALIZO DE,Velit occaecati quae ab dolorum. Error error dolorum similique sit provident.,http://lorempixel.com/225/258/nature/
127,30,EMBALSE ARCOS DE,Hic suscipit atque temporibus. Excepturi rem quis. Perferendis qui voluptas sint quam a.,http://lorempixel.com/266/237/nature/
128,30,ALGAIDA DE LA,Nam fugiat illo sed vitae exercitationem earum accusantium. At dolorum porro necessitatibus consequuntur deserunt necessitatibus.,http://lorempixel.com/344/217/nature/
129,30,DEL - BUJEO,Maxime consectetur consequatur quasi dicta. Reprehenderit ratione nam.,http://lorempixel.com/338/357/nature/
130,32,DE LA BARBATE,Nam blanditiis ex. Quasi velit dolore excepturi. In quos laboriosam quisquam cupiditate nemo eius.,http://lorempixel.com/218/379/nature/
131,32,VERDE LA SANLÚCAR,Officia eius debitis velit. Minus explicabo pariatur corrupti vero alias.,http://lorempixel.com/336/348/nature/
132,32,DEL DE RIBERA,Modi eos iusto magni ipsa eius alias. Nesciunt laudantium nemo neque atque.,http://lorempixel.com/311/393/nature/
133,32,ENDRINAL DEL DE,Temporibus vitae quibusdam. Consequuntur illo aut voluptate maxime corporis. Debitis repellendus iusto architecto necessitatibus.,http://lorempixel.com/244/286/nature/
134,32,LOS SUARA DE,Velit ea fugiat doloremque reprehenderit enim. Tempora harum quos nulla modi. Asperiores non sed sapiente necessitatibus maxime in vero.,http://lorempixel.com/355/282/nature/
135,33,TRAVESIA DEL ALJIBE,Eius quisquam animi et ipsum pariatur voluptates laborum. A ab maiores consequatur pariatur. A modi amet dolores dolorum provident error.,http://lorempixel.com/210/388/nature/
136,33,LA LA CABRAS,Eveniet corporis facilis laboriosam. Repellendus sunt cupiditate quasi rem in.,http://lorempixel.com/236/325/nature/
137,33,ALBINAS DE LOS,Eum porro exercitationem et aliquid sint. Reprehenderit reprehenderit repellat architecto.,http://lorempixel.com/325/258/nature/
138,33,CHARCONES LOS DE,Eum pariatur dolorem porro dolorum. Neque debitis et odio. Voluptatem nulla saepe nihil.,http://lorempixel.com/337/317/nature/
139,33,RATONES LOS REAL,Ducimus dignissimos iusto corporis temporibus libero. Ex alias modi blanditiis. Corrupti ut ipsam.,http://lorempixel.com/208/320/nature/
140,34,DE ROMANOS DEL,Ex molestiae tenetur expedita. Minima ducimus ad odio. Quas officiis tempore vel nemo harum eos vitae. Nam iusto cumque impedit facere delectus eius deleniti.,http://lorempixel.com/318/244/nature/
141,34,DEL TIRADERO DE,Est enim unde architecto. Libero sapiente nesciunt laudantium consequatur quis.,http://lorempixel.com/206/277/nature/
142,34,LA SERRANO DE,Omnis quibusdam tenetur ipsum. Harum dolor magni deserunt iure. Nisi culpa doloribus illo dicta.,http://lorempixel.com/264/397/nature/
143,34,RAMOS DE ASOMADA,A unde laborum facilis. Dolorum excepturi quisquam praesentium est laudantium.,http://lorempixel.com/278/201/nature/
144,34,SAN ARROYO TIRADERO,Quasi hic alias eveniet. Omnis sed aspernatur tempore et illum. Minima temporibus accusamus ipsum.,http://lorempixel.com/212/384/nature/
145,35,REMEDIOS MILLAN GARGANTA,Ipsa ullam reprehenderit nihil. Ab laborum ad consequatur magni animi. Rem labore vel nisi beatae cum doloribus saepe.,http://lorempixel.com/231/203/nature/
146,35,JIMENA DE MAJACEITE,Eveniet excepturi expedita esse unde. Illum eius nobis itaque.,http://lorempixel.com/339/227/nature/
147,35,EMBALSE DEL BARBATE,Impedit velit commodi. Numquam dolorum illo libero omnis eum. Id rem numquam.,http://lorempixel.com/322/257/nature/
148,35,ARROYO ATUNES-ATLANTERRA CANUTO,Sapiente quam nesciunt perspiciatis. Sunt ipsum modi ratione beatae magni. Ipsum ab iure fugiat illo sed tenetur.,http://lorempixel.com/301/232/nature/
149,35,PAJARRACO LA BODEGA,Dolor reiciendis quae occaecati natus. Porro soluta deserunt iusto omnis tenetur.,http://lorempixel.com/386/215/nature/
150,36,DEL COLA GUAREÑAS,Minus culpa voluptatem non consequatur. Quos totam perspiciatis autem consectetur consectetur sapiente. Earum voluptas illum possimus.,http://lorempixel.com/241/299/nature/
151,36,LAS DEL SALINAS,Id consequuntur eligendi repellendus. Maxime unde libero. Corporis tempore inventore aliquid.,http://lorempixel.com/250/205/nature/
152,36,DE GRAZALEMA ALGODONALES,Non adipisci quod cum. Nemo accusantium ducimus facere error vero. Earum ut placeat. Atque ut dolorum magnam ducimus nisi quibusdam.,http://lorempixel.com/372/366/nature/
153,36,DE CERRO SUBIDA,Odit hic similique impedit porro laudantium quae. Iure similique quidem error dolorum aperiam ea. Et qui expedita qui.,http://lorempixel.com/233/294/nature/
154,36,DE LOMAS RURALES,Maxime soluta culpa perferendis temporibus ipsum ratione. Explicabo tenetur odit recusandae. Corporis voluptas rerum sed consectetur.,http://lorempixel.com/279/326/nature/
155,37,LOS REMEDIOS JARILLO-TORRE,Nulla iste dolorem suscipit. Necessitatibus veniam nulla placeat illum dolorum aspernatur praesentium. Doloremque dolor excepturi corrupti molestiae.,http://lorempixel.com/251/227/nature/
156,37,CHICLANA REMEDIOS DE,Quos eaque laborum nam beatae praesentium nemo ab. Amet aut doloribus commodi. Corrupti laboriosam reprehenderit quaerat quam vero possimus. Sint corporis corrupti libero modi quibusdam amet.,http://lorempixel.com/283/256/nature/
157,37,DE PUERTO DE,Aspernatur veniam perferendis. Molestias minus autem unde delectus pariatur natus fuga. Beatae accusamus quibusdam perferendis doloribus accusantium repellat. Accusantium architecto non est.,http://lorempixel.com/237/280/nature/
158,37,LA DE DE,Ab est tempora repudiandae facere consequatur. Est minima numquam in totam necessitatibus.,http://lorempixel.com/310/313/nature/
159,37,Y FUENTE BREÑA,Ad facilis odit consequuntur consectetur. Dolor perspiciatis omnis rerum architecto nulla consequatur sequi. Ratione molestias veniam doloribus adipisci numquam nostrum nesciunt.,http://lorempixel.com/360/268/nature/
160,38,LA EMBALSE DEL,Sed nam occaecati soluta laborum provident. Culpa qui quae vero porro consectetur.,http://lorempixel.com/287/249/nature/
161,38,ALGAIDA-SALINA PINAR DESAMPARADOS,Impedit suscipit rerum culpa veniam aspernatur repellendus nobis. Ea tempora voluptatibus exercitationem dolorum cum totam a. Facilis velit dicta iste voluptas fugit explicabo ad.,http://lorempixel.com/337/244/nature/
162,38,BORNOS DEL DE,Saepe dolorem officia quaerat culpa. Consequatur incidunt praesentium numquam perferendis natus.,http://lorempixel.com/336/217/nature/
163,38,SETENIL LA LOS,Facere hic in quos. Tenetur fugit natus tempora.,http://lorempixel.com/226/254/nature/
164,38,DEL BARBATE DEL,Laboriosam officiis fugiat saepe voluptatum qui. Quaerat suscipit sapiente sapiente ducimus. Praesentium aliquid qui esse quo quisquam distinctio.,http://lorempixel.com/311/300/nature/
165,40,VÍA VERDE LA,Veniam officiis suscipit ut eum ratione. Fuga in consequuntur ducimus. Voluptatibus veritatis officia error ea dolorem.,http://lorempixel.com/232/231/nature/
166,40,GARCIAGO DE PEÑA,Voluptatum cumque beatae. Harum alias possimus reprehenderit mollitia. Occaecati id ullam.,http://lorempixel.com/380/224/nature/
167,40,CALLEJÓN - DE,Culpa ea soluta quibusdam.,http://lorempixel.com/361/300/nature/
168,40,LA MIEL PICO,Architecto error odit rem sint. Perspiciatis quas provident esse ex.,http://lorempixel.com/308/245/nature/
169,40,TEJÓN LAS LAGUNAS,Ducimus tenetur voluptate neque voluptas est. Similique sapiente hic nemo assumenda.,http://lorempixel.com/259/219/nature/
170,41,RATÓN JEREZ FRONTERA,Voluptatibus voluptate temporibus vitae.,http://lorempixel.com/309/400/nature/
171,41,LA DE ROMANA,Perferendis sit culpa culpa libero aut. Dolorum alias magnam illo ea eligendi.,http://lorempixel.com/201/262/nature/
172,41,PLAZA ARMAS ROMANOS,Harum beatae sint voluptates reiciendis iusto illum libero. Corrupti quaerat possimus nobis.,http://lorempixel.com/209/298/nature/
173,41,LADERA CÁMARA LOMAS,Corrupti porro cupiditate perspiciatis. Praesentium adipisci reiciendis saepe ipsam id.,http://lorempixel.com/263/273/nature/
174,41,CAÑADA CORDERO DE,Eum modi nemo sunt ullam necessitatibus nostrum. Quos provident perferendis a voluptatum id. Non eum dolore voluptate necessitatibus.,http://lorempixel.com/397/252/nature/
175,42,"CHICA ""LAGUNAS CÁDIZ",Quisquam voluptates qui perspiciatis occaecati excepturi beatae. Voluptas praesentium natus voluptate ipsam mollitia sint.,http://lorempixel.com/308/395/nature/
176,42,RINCONCILLO DUNAS DEL,Veniam sed consectetur magni odio ut. At optio ab amet voluptatibus quisquam esse. Facere tempore molestias nulla alias.,http://lorempixel.com/329/232/nature/
177,42,TOLETA LA CALZADA,Fugiat quaerat ducimus magnam. Rem doloremque blanditiis praesentium fugit neque. Accusantium ducimus ab occaecati tenetur.,http://lorempixel.com/369/307/nature/
178,42,PRESA EMBALSE A,Iure commodi similique rem commodi nemo rerum.,http://lorempixel.com/380/328/nature/
179,42,DE FUENTES FRANCESES,Corporis ducimus magni animi vero perferendis. Perspiciatis nihil quasi sit corporis.,http://lorempixel.com/298/247/nature/
180,43,DE DEL MARISMAS,Iure reprehenderit repellendus iusto consectetur sit nihil. Similique officiis totam deleniti officia.,http://lorempixel.com/208/257/nature/
181,43,CAÑILLO REGINOSA DE,Similique ab nihil atque esse nam consectetur nisi.,http://lorempixel.com/309/219/nature/
182,43,MEDINA ROMANOS SALTILLO,Voluptas officia quaerat natus. Tempora voluptatibus quia ratione deleniti.,http://lorempixel.com/365/304/nature/
183,43,DE CAMINO TESORILLO,Fugit quis exercitationem aperiam. Totam laudantium totam voluptatibus rerum. Similique corporis modi recusandae inventore iusto nemo.,http://lorempixel.com/313/224/nature/
184,43,LOS FORESTAL LANCES,Iure perferendis iste animi. Quae deserunt atque quae quia necessitatibus impedit.,http://lorempixel.com/280/220/nature/
185,44,DEL AZÚCAR EL,Eaque incidunt voluptatibus quam. Quaerat quas officiis perferendis. Corporis ratione esse inventore praesentium. Asperiores facere perspiciatis mollitia voluptate nam totam.,http://lorempixel.com/284/394/nature/
186,44,SUARA LA PINOS,Ad iure eveniet. Neque eligendi eveniet nemo.,http://lorempixel.com/326/361/nature/
187,44,TESORILLO LA PEDRIZA,Quae dolorem omnis. Cumque repellendus enim numquam. Amet nihil nostrum sequi qui quam.,http://lorempixel.com/248/281/nature/
188,44,SALINAS DOLORES PALANCAR,Sit nulla nam adipisci natus odio magni debitis. Asperiores provident repudiandae totam ad. Eveniet dignissimos magni modi explicabo odit laudantium.,http://lorempixel.com/233/262/nature/
189,44,DEL FUENTES TAJO,Porro accusamus laborum. Eos ut consequatur perferendis fugit assumenda repellat.,http://lorempixel.com/231/264/nature/
190,46,A TEJÓN CANTERAS,Recusandae veritatis velit vitae quos quas.,http://lorempixel.com/314/231/nature/
191,46,SANLÚCAR ANTÓN BARRAMEDA,Ex culpa dignissimos eligendi facilis in fugit nostrum. Tempore culpa est fuga.,http://lorempixel.com/221/329/nature/
192,46,LOMAS RURALES ROTA,Voluptate voluptatum harum facere. Necessitatibus tempora at neque delectus quod perferendis. Quidem voluptate similique fugit animi eveniet ex corrupti.,http://lorempixel.com/247/238/nature/
193,46,DE TRAMO CORREDOR,Quia nesciunt animi doloribus nisi harum. Rem voluptatibus quod maiores omnis non.,http://lorempixel.com/260/356/nature/
194,46,NACIMIENTOS ARMAS LA,Aut similique numquam omnis fugiat natus iste quam.,http://lorempixel.com/345/207/nature/
195,47,DE VÍA LA,Laborum at optio deleniti et vero. Minima pariatur iusto blanditiis veniam deserunt. Porro voluptatem sed debitis esse exercitationem.,http://lorempixel.com/302/233/nature/
196,47,TRAFALGAR-CONIL ARROYOMOLINOS LA,Beatae doloribus saepe facere.,http://lorempixel.com/378/230/nature/
197,47,REGINOSA EMBALSE DE,Alias suscipit praesentium vero aperiam incidunt. Ducimus optio quis.,http://lorempixel.com/340/223/nature/
198,47,Y LAS EL,Velit ab quae esse id ratione. Non minima eum atque vel voluptas.,http://lorempixel.com/362/345/nature/
199,47,MARISMAS Y DE,Pariatur debitis consequuntur. Accusamus architecto eum officiis ea fuga dicta. Dolor quibusdam mollitia quasi nam.,http://lorempixel.com/203/259/nature/
200,49,ALGARBES-BETIJUELO LOS ALBINA,Illo deserunt nobis maxime enim. Nulla iste eveniet repudiandae esse vero quod.,http://lorempixel.com/218/398/nature/
201,49,LOS PINAR TAPA,Delectus molestias necessitatibus sunt nemo dolore. Magni maiores possimus aut.,http://lorempixel.com/254/388/nature/
202,49,BOLONIA-PULIDO DE PLATERAS,Beatae ipsa nihil veniam.,http://lorempixel.com/323/366/nature/
203,49,VERDE CORREDOR IV,At sapiente cumque. Vitae modi commodi. Itaque accusamus quam facere.,http://lorempixel.com/379/276/nature/
204,49,GARCIAGO AL VERDUGO,Reprehenderit voluptatum quasi libero voluptates autem. Quas nihil quisquam eum illo. Qui nam perferendis quae in minus cupiditate. Sequi numquam sed facilis molestiae dolorem.,http://lorempixel.com/255/311/nature/
205,50,EMBALSE DEL BORNOS,Ut nemo praesentium quibusdam dolores quia. Et molestias commodi ratione earum. Nostrum nam esse facilis vel fugiat.,http://lorempixel.com/371/241/nature/
245,60,DE ALGARBES-BETIJUELO GARCIAGO,Modi impedit commodi eum. Est soluta quod fugit fuga officia sequi. Neque est maxime voluptas veniam harum.,http://lorempixel.com/257/399/nature/
206,50,TESORILLO TAJO TORRE,Dolorem labore delectus recusandae voluptates quod magnam tempora. Optio officiis rem occaecati. Velit nulla neque ducimus corporis distinctio atque.,http://lorempixel.com/360/363/nature/
207,50,LA DE JIMENA,Expedita harum ducimus harum ab consectetur mollitia ex. Labore qui cum dolorum explicabo fuga distinctio tempora. Ducimus architecto quam ullam quos itaque asperiores.,http://lorempixel.com/232/213/nature/
208,50,RINCONCILLO DEL CHICLANA,Possimus quis enim hic iure. Animi corrupti harum animi quod.,http://lorempixel.com/207/283/nature/
209,50,AL DE ALJIBE,Soluta cum placeat. Debitis atque consequuntur odit eius. Explicabo dolorem itaque quam sint.,http://lorempixel.com/320/243/nature/
210,51,ROMANOS LOS AL,Blanditiis dolorem in rem laboriosam. Suscipit odit inventore enim facilis hic consequatur cum.,http://lorempixel.com/252/302/nature/
211,51,ROCHE DE DE,Tempora eum aut eius explicabo nam officia. Vero officiis dolorem quis voluptate fugit. Nobis vitae ad dolorum similique. Fugit quod beatae quisquam eius.,http://lorempixel.com/338/329/nature/
212,51,LOS BATANES DEL,Vitae veritatis nam doloribus praesentium beatae neque. Enim numquam harum et eius. Placeat autem qui cupiditate optio.,http://lorempixel.com/221/307/nature/
213,51,DE BARRAMEDA PUERTA,Omnis non eos eaque mollitia laborum. Saepe neque sint autem.,http://lorempixel.com/314/269/nature/
214,51,RÍO MIEL LA,Eius fugit eveniet libero sequi laboriosam in corrupti. Voluptatum eveniet eos praesentium asperiores.,http://lorempixel.com/282/208/nature/
215,53,CALAS HOZGARGANTA CONIL,Quas animi placeat deserunt sit sint eos. Illum tempore illum optio nihil voluptatum nihil occaecati.,http://lorempixel.com/251/353/nature/
216,53,CRUZ DE DE,Ipsa dignissimos culpa modi laboriosam quas quam. Voluptatem itaque cum molestias architecto eligendi impedit. Labore nemo ullam inventore quia magnam saepe.,http://lorempixel.com/316/327/nature/
217,53,SUBIDA ERMITA Y,Dolor aliquid non. Quod odit alias est. Consequatur recusandae architecto doloremque tempore.,http://lorempixel.com/311/400/nature/
218,53,DE LOS MONTE,Aperiam exercitationem doloremque perspiciatis ea voluptatibus. Enim sint ipsa facilis eaque vero.,http://lorempixel.com/209/331/nature/
219,53,CASA DE BORNOS,Incidunt error voluptatibus voluptatem. Tempora deleniti aliquid ut.,http://lorempixel.com/258/274/nature/
220,54,LÍBAR ALGARBES-BETIJUELO LOS,Tempora amet accusantium sit nobis fugit suscipit. Inventore at odio quae accusamus expedita libero. Nostrum aliquid itaque expedita eligendi aliquam cupiditate id. Quae modi consequuntur.,http://lorempixel.com/301/332/nature/
221,54,DE HOZGARGANTA RÍO,Qui quod fuga recusandae sequi atque. Voluptatum ipsam velit et maiores. Voluptatibus sequi perferendis.,http://lorempixel.com/385/358/nature/
222,54,DE EL LOS,Doloribus magnam magni molestiae temporibus qui. Velit aut aliquid expedita facilis. Dolore harum quidem recusandae porro veniam.,http://lorempixel.com/283/381/nature/
223,54,DEL LA PAPA,Optio optio ullam fugit quod inventore. Facere cupiditate possimus natus adipisci facere eligendi.,http://lorempixel.com/205/334/nature/
224,54,VIEJAS DE DE,Velit aspernatur quo tempora in. Quae accusamus aperiam nemo blanditiis repudiandae ullam.,http://lorempixel.com/281/223/nature/
225,56,COLA DE EMBALSE,Recusandae dolorum occaecati quasi earum. Placeat numquam rem magnam.,http://lorempixel.com/204/304/nature/
226,56,LA BOYAL- SUARA,Perferendis aliquam laboriosam incidunt nesciunt soluta. Placeat harum voluptatem minima corrupti. Dolor earum eius.,http://lorempixel.com/348/253/nature/
227,56,LITORAL DE ROTA,Recusandae tenetur praesentium quidem at.,http://lorempixel.com/253/376/nature/
228,56,LA DOS BAHÍAS,Nostrum sint nisi eos.,http://lorempixel.com/245/269/nature/
229,56,LA DE DE,Ipsam cupiditate omnis voluptatem veniam perspiciatis harum. Amet quo dignissimos neque deleniti corrupti. Architecto a error similique quam.,http://lorempixel.com/214/384/nature/
230,57,DEL LAS TEJÓN,Aliquid esse cum voluptatem sequi ad. Suscipit sed accusamus magni molestias laudantium atque nostrum.,http://lorempixel.com/353/336/nature/
231,57,LA CALZADA DEHESA,Deserunt facere consequuntur veniam itaque animi omnis provident. Aliquam labore possimus cum totam voluptates dolorum. Distinctio veritatis aliquid quisquam vitae porro tempore.,http://lorempixel.com/321/214/nature/
232,57,CALVARIO ACANTILADO DEL,Voluptatum distinctio natus aperiam dignissimos quod nulla. Nostrum saepe laborum exercitationem at occaecati.,http://lorempixel.com/344/399/nature/
233,57,CHARCO PLAYA BARROSA,Optio beatae dicta libero optio similique sint. Nostrum dolore eum quod praesentium.,http://lorempixel.com/230/249/nature/
234,57,LA FRONTERA-CANTARRANAS LA,Reprehenderit harum officia hic voluptatem perferendis vel. Sunt ipsum nesciunt fuga eveniet quo amet amet. Nostrum corrupti necessitatibus cupiditate odio numquam.,http://lorempixel.com/224/372/nature/
235,58,Y LA ERMITA,Animi quisquam similique nam ut quae doloribus. Explicabo est ut praesentium. Dolorem dolorum quis incidunt consequatur.,http://lorempixel.com/394/222/nature/
236,58,DEL DE PUERTO,Tempore similique quo hic. Quasi autem porro eaque vel.,http://lorempixel.com/208/275/nature/
237,58,GUADALETE A REAL,Dolore odio ipsa doloribus animi ipsum. Facilis itaque pariatur quisquam ex enim atque iure.,http://lorempixel.com/313/252/nature/
238,58,AL AL HONDO,Deleniti nemo fuga soluta sint odio vitae. Totam hic aspernatur blanditiis provident distinctio quo. Laboriosam ex repudiandae praesentium.,http://lorempixel.com/309/237/nature/
239,58,EL CAÑILLO SALTILLO,Accusantium fugiat consequuntur et hic ipsum. Nemo necessitatibus iste soluta laudantium alias. Laborum voluptatem enim omnis laboriosam. Libero vero ab ipsa doloribus sapiente blanditiis.,http://lorempixel.com/365/347/nature/
240,59,VERDE MILLAN GARGANTA,Qui assumenda illo provident tenetur maiores. Autem asperiores repellendus animi voluptatum ipsum.,http://lorempixel.com/244/340/nature/
241,59,VENTA DEL VEREDA,Rerum fugit maxime debitis a ipsa. Labore sit quibusdam qui hic debitis.,http://lorempixel.com/369/331/nature/
242,59,TORRE GARGANTE LA,Nobis odio perferendis sunt rerum. Aliquid adipisci hic provident. Voluptate ea excepturi placeat. Consequatur est laudantium.,http://lorempixel.com/340/351/nature/
243,59,VALDEINFIERNO LOS ALGARBES-BETIJUELO,Sed rerum et quos unde. Dolorem quidem nostrum deserunt cum soluta.,http://lorempixel.com/358/314/nature/
244,59,DE DEL ALGAMASILLA,Ullam facilis voluptatibus nam. Tenetur beatae sequi. Deleniti officiis laudantium rem accusantium.,http://lorempixel.com/305/318/nature/
246,60,CALZADA FRONTERIZO BOYAL,Tempora quia corporis iusto occaecati. Reiciendis molestiae dolor exercitationem eaque odit. Corporis repellat dicta eum.,http://lorempixel.com/225/369/nature/
247,60,LITORAL ALTO DEL,Totam sed beatae. Est laborum beatae saepe non sed voluptatum. Repellat beatae rem nostrum dolores illum. Et molestiae atque.,http://lorempixel.com/315/374/nature/
248,60,ALGARBES-BETIJUELO CABRERO DEL,Eligendi modi dolores recusandae. Quisquam ab hic non. Illo nobis dicta occaecati ut facilis.,http://lorempixel.com/299/334/nature/
249,60,VEREDA LA DE,Corrupti reprehenderit at. Sed nostrum qui tenetur ullam ipsam. Animi nihil suscipit optio consequuntur.,http://lorempixel.com/223/318/nature/
250,61,CERRO AL SUBIDA,Dolor consequatur laudantium deleniti praesentium voluptate sint.,http://lorempixel.com/256/280/nature/
251,61,CERRO ALBARRACINEJO SUBIDA,Quis animi laudantium officiis. Nisi ex sint esse. Pariatur corporis dolore quas repellat.,http://lorempixel.com/203/397/nature/
252,61,ARROYO ALGAMASILLA DEL,Iusto labore incidunt optio veniam esse rerum. Inventore tenetur beatae quibusdam enim officia ducimus. Natus voluptate incidunt.,http://lorempixel.com/241/283/nature/
253,61,QUINTAS VERDE DE,Ducimus dolorem minus doloribus perferendis. Magnam quaerat tempore amet ipsam id at placeat. Amet quis veniam quaerat.,http://lorempixel.com/295/397/nature/
254,61,PUERTO ARCOS MARÍA,Dolor occaecati ipsum nesciunt. Amet nostrum at maxime architecto corporis labore. Voluptates dolor maiores veniam nihil aperiam facere.,http://lorempixel.com/342/256/nature/
255,63,PINSAPAR DE EL,Mollitia quibusdam deleniti. Voluptatibus molestiae recusandae voluptatibus sint.,http://lorempixel.com/398/223/nature/
256,63,RIO DEL MAJACEITE,Suscipit eos repudiandae. Sapiente repellat sapiente porro nisi modi officiis.,http://lorempixel.com/250/238/nature/
257,63,LA ROMANA DE,Corrupti quisquam laborum excepturi. Dolorem nisi libero laboriosam quam recusandae. Voluptatem rerum expedita tempore.,http://lorempixel.com/316/296/nature/
258,63,DEL DE TORREÓN,Ipsam eum autem. Nobis deleniti delectus fuga. Error culpa veniam ullam autem accusamus repudiandae ex.,http://lorempixel.com/294/207/nature/
259,63,GUAREÑAS - ROJITAN,Odit doloremque nesciunt occaecati aspernatur. Mollitia deserunt beatae laudantium. Fugiat quis alias similique ipsa expedita.,http://lorempixel.com/260/309/nature/
260,64,LA ROCHE CALAS,Quae ab animi. Distinctio quasi et voluptatem. Magnam hic excepturi facere.,http://lorempixel.com/315/351/nature/
261,64,CABRERO DEL UBRIQUE,Nesciunt fuga dolor sed. Veniam nesciunt nam est ut voluptate veritatis.,http://lorempixel.com/287/384/nature/
262,64,MOGOTE DE REAL,Consectetur iure tenetur. Quis odio culpa architecto at odit. Id at atque.,http://lorempixel.com/291/395/nature/
263,64,DE DE TAJO,Quis corrupti delectus consequatur animi modi non. Necessitatibus ad expedita tempore natus ea cumque.,http://lorempixel.com/323/334/nature/
264,64,GIGONZA PILAR DEL,Fugiat odio nihil accusantium. Alias voluptate alias nulla velit deleniti atque. Labore autem voluptate quidem voluptas quibusdam.,http://lorempixel.com/381/358/nature/
265,65,ALJIBE DEL ALGAIDA,Ut fuga eaque dolor. Doloribus possimus veritatis at molestiae. Minima recusandae fuga quod amet voluptatem harum.,http://lorempixel.com/378/330/nature/
266,65,DE TRAFALGAR-CONIL MECA,Quos similique tempore expedita nesciunt quam. Officia accusamus recusandae vero voluptate laboriosam. Quasi optio reprehenderit hic.,http://lorempixel.com/250/231/nature/
267,65,DE COLADA DE,Quo assumenda placeat recusandae. Similique at quisquam nisi eaque. Expedita hic laudantium officiis distinctio.,http://lorempixel.com/345/330/nature/
268,65,- ARROYOMOLINOS GASTOR,Labore amet illum.,http://lorempixel.com/206/274/nature/
269,65,CARISSA AURELIA GUADALETE,Quaerat rerum accusantium eveniet. Praesentium quo temporibus sunt ipsam vel necessitatibus.,http://lorempixel.com/336/327/nature/
270,67,VERDE PUERTO DEL,Cum enim exercitationem natus voluptas ut laborum. Deleniti cum tempore consectetur assumenda. Recusandae eos commodi explicabo nemo officiis.,http://lorempixel.com/258/276/nature/
271,67,DE GUADALETE ROCHE,Similique praesentium reiciendis repellendus nihil. Pariatur nisi maiores.,http://lorempixel.com/312/242/nature/
272,67,TAJO DE LOS,Laudantium ut rerum iste dolore. Recusandae quos recusandae totam.,http://lorempixel.com/336/300/nature/
273,67,ROMANA DEL LA,Repellendus vel quibusdam nesciunt nostrum vero. Adipisci aut nesciunt quae consectetur. Unde doloribus temporibus animi deleniti aspernatur vel.,http://lorempixel.com/336/387/nature/
274,67,LÍNEA SAN VERDE,Non unde inventore esse aspernatur eum velit officiis. Harum tempora pariatur soluta enim.,http://lorempixel.com/317/212/nature/
275,68,CERRO TOLLOS DEL,Laborum aliquam incidunt nulla neque sint repellat. Quas eveniet expedita magni. Aut numquam perspiciatis ea.,http://lorempixel.com/348/249/nature/
276,68,SILLA CALZADA SUBIDA,Fugit a earum repudiandae corrupti reiciendis. Expedita quae natus nemo laborum voluptas. Aliquid dolores sint enim voluptates facere nemo.,http://lorempixel.com/392/345/nature/
277,68,ARROYO DESCANSADERO RAYO,Eveniet ad omnis adipisci iure nam inventore. Harum rem nihil aliquid sequi maxime iusto aut. Accusamus omnis quo natus.,http://lorempixel.com/365/323/nature/
278,68,DEL ZONA REY,Totam occaecati aut dolorum similique at voluptas. Quos animi neque nostrum voluptates. Incidunt esse rerum officia exercitationem eaque.,http://lorempixel.com/303/245/nature/
279,68,GUADALMESÍ AL ALBARRACINEJO,Quod nesciunt quos iure. Non iste temporibus quaerat culpa aperiam. Eaque cumque cumque nobis eveniet voluptatem iste saepe.,http://lorempixel.com/373/274/nature/
280,69,MARISMAS DE DEL,Consequatur voluptatem alias velit vero voluptatem voluptatibus. Repellendus nisi asperiores consequatur aspernatur totam quia enim. Cumque unde explicabo unde.,http://lorempixel.com/200/390/nature/
281,69,BARBATE DE CARBONEROS,Ab adipisci optio consectetur cum assumenda cupiditate ex. A iusto iusto autem sed illo. Quo animi fugit.,http://lorempixel.com/215/302/nature/
282,69,CABRERO DEL SALTO,Impedit nostrum corporis illum. Eligendi eius eaque laudantium distinctio eius. Cum sint harum.,http://lorempixel.com/200/267/nature/
283,69,DEL DE ESTUARIO,Nesciunt id vero voluptatum animi quos. Ipsa libero quia animi pariatur. Eaque delectus maiores nihil a ea. Porro odio repellat eveniet tempora.,http://lorempixel.com/216/366/nature/
284,69,DE BARBECHOS GUAREÑAS,Natus quos reiciendis error fugiat dolorem quae. Possimus cumque rerum nihil sint deserunt.,http://lorempixel.com/335/286/nature/
285,71,VERDE MARÍA PUERTO,Accusamus necessitatibus provident dolores atque aperiam quibusdam voluptatibus. Itaque optio illum modi rem. Dolorem maxime dicta atque id nesciunt nihil.,http://lorempixel.com/269/347/nature/
286,71,MOCITAS CALLEJÓN LAS,Quaerat necessitatibus ex at repellendus voluptas. Itaque minus impedit consequatur numquam recusandae. At est deserunt eveniet voluptatibus odit rem distinctio.,http://lorempixel.com/233/388/nature/
287,71,CAOS VILLALUENGA-NAVAZOS DE,Magni possimus est repudiandae aliquid. Dignissimos impedit soluta adipisci dolorem commodi voluptate. Quis dolores tempora provident ipsam.,http://lorempixel.com/234/342/nature/
288,71,ALGODONALES ALBINA LA,Rem ullam asperiores aspernatur facilis. Temporibus culpa odit fuga aliquid libero.,http://lorempixel.com/327/205/nature/
289,71,CHARCONES ALMORAIMA LOS,Sint quae doloribus minus earum quo suscipit. Omnis at rem reprehenderit expedita.,http://lorempixel.com/304/245/nature/
290,72,DE DE MONTECOCHE,Blanditiis cumque facere rem optio alias ut. Minima quod maiores illum. Quibusdam neque voluptas eum porro voluptatem.,http://lorempixel.com/271/354/nature/
291,72,ERA CAMINO GUADIARO,Possimus cum vel perspiciatis. Excepturi eaque optio. Explicabo quaerat facilis.,http://lorempixel.com/341/236/nature/
292,72,FORESTAL DE MEDINA,Molestiae dignissimos magnam atque ad. Recusandae voluptatibus fugiat aspernatur qui error eaque.,http://lorempixel.com/240/360/nature/
293,72,DE VENTA DE,Labore unde occaecati rem. Amet aliquam ullam voluptates voluptate. Illo aliquam consectetur ab eum exercitationem.,http://lorempixel.com/311/339/nature/
294,72,TOLLOS CARRASCÓN LAGUNA,Ut maxime laborum hic. Cupiditate consequuntur dicta veniam neque molestias.,http://lorempixel.com/351/248/nature/
295,73,DEL MOJÓN LA,Accusamus sint voluptatibus provident alias. Assumenda rerum repudiandae quidem tempora iusto. Ex similique voluptates modi.,http://lorempixel.com/280/243/nature/
296,73,A DE CARNERO,Veniam quam molestias. Ipsa veritatis optio temporibus atque. Voluptas saepe expedita sunt quasi officia eos.,http://lorempixel.com/317/315/nature/
297,73,CAMPOBUCHE DE BOLONIA-PULIDO,Laborum laudantium voluptatem dolor facere ducimus porro. Ipsa dicta deserunt cupiditate. At mollitia eius magnam facere eius numquam est.,http://lorempixel.com/207/298/nature/
298,73,DE FRESNILLO SUBIDA,Officia ratione a ipsam. Provident reiciendis cupiditate eum delectus labore beatae. Sed iste minus voluptatum expedita ratione.,http://lorempixel.com/316/395/nature/
299,73,FERNANDO SAN -,Ipsa animi impedit at facilis. Fuga officiis corrupti veniam. Pariatur sunt quasi provident laborum voluptates non.,http://lorempixel.com/400/356/nature/
300,74,CAOS CALZADA ROMANA,Facere aliquam earum rem. Maxime repudiandae voluptatum odio vero. Dolore in voluptatibus magnam nostrum.,http://lorempixel.com/259/259/nature/
301,74,DE ANTIGUA LA,Non maiores praesentium esse repellat repellat. Voluptatem placeat minus illum occaecati.,http://lorempixel.com/356/355/nature/
302,74,DE LAGUNA LA,Sint ipsum voluptatibus ducimus. Mollitia voluptatem iure sapiente provident inventore.,http://lorempixel.com/311/251/nature/
303,74,LAS REY DEL,Eum excepturi optio eligendi minus explicabo.,http://lorempixel.com/323/342/nature/
304,74,HIGUERÓN RISCO DE,Nisi consequuntur blanditiis eum harum ipsam odio. Placeat natus officiis commodi modi modi. Qui ipsa tempora rerum commodi reprehenderit.,http://lorempixel.com/325/339/nature/
305,76,LA PINAR DE,Necessitatibus cumque doloremque vero ut assumenda. Doloremque explicabo repellat similique dignissimos nam similique.,http://lorempixel.com/399/292/nature/
306,76,DEL ALBERITE PAPA,Qui minus placeat adipisci optio eos quibusdam iste. Autem reiciendis aut modi aliquam. Id possimus provident id officia quasi nostrum.,http://lorempixel.com/292/349/nature/
307,76,OJO DEL GRULLO,Et modi nulla dolore magnam itaque. Quo harum sit sequi nemo.,http://lorempixel.com/372/368/nature/
308,76,RÍO DE MIEL,Delectus qui illum accusamus quis earum maiores amet. Recusandae eos odit delectus assumenda voluptatem necessitatibus.,http://lorempixel.com/318/245/nature/
309,76,RUINAS ALGAIDA-SALINA ESPERILLA,Consectetur culpa optio aliquid doloribus dolorem quasi. Nulla sunt saepe unde consequatur eveniet dolores. Modi quaerat dolor quidem voluptates molestiae odio.,http://lorempixel.com/390/320/nature/
310,77,SILLETERO DE FARDELA,Ratione ipsa libero reiciendis nostrum iste. Error harum delectus.,http://lorempixel.com/393/398/nature/
311,77,DE ANTONIO LA,Voluptas eum tenetur dicta esse doloribus eum. A id ratione soluta est fugiat consectetur.,http://lorempixel.com/318/221/nature/
312,77,DE TESORILLO BREÑA,Unde dignissimos distinctio dicta. Neque aspernatur nam natus. Dignissimos provident labore deserunt commodi id mollitia.,http://lorempixel.com/317/292/nature/
313,77,VERDE COVEZUELAS-CHARCA DE,Nulla ipsa id commodi iste necessitatibus. Commodi unde nostrum sequi. Alias eligendi consequatur quas incidunt nisi sit.,http://lorempixel.com/301/247/nature/
314,77,EL DE BOSQUE,Illo nisi sapiente quibusdam eligendi ad accusamus. Quam cumque soluta.,http://lorempixel.com/207/379/nature/